{"cameraMode":{"drawMode":0,"name":"Shaded","section":"Shading Mode"},"sceneLighting":false,"audioPlay":false,"sceneViewState":{"m_AlwaysRefresh":false,"showFog":true,"showSkybox":false,"showFlares":true,"showImageEffects":true,"showParticleSystems":true,"showVisualEffectGraphs":true,"m_FxEnabled":true},"in2DMode":false,"pivot":{"x":0.6341761946678162,"y":0.20362544059753419,"z":-0.18806302547454835},"rotation":{"x":0.3072594404220581,"y":0.20869864523410798,"z":-0.06920702010393143,"w":0.9259235262870789},"size":1.0514872074127198,"orthographic":false}