{"cameraMode":{"drawMode":0,"name":"Shaded","section":"Shading Mode"},"sceneLighting":false,"audioPlay":false,"sceneViewState":{"m_AlwaysRefresh":false,"showFog":true,"showSkybox":false,"showFlares":true,"showImageEffects":true,"showParticleSystems":true,"showVisualEffectGraphs":true,"m_FxEnabled":true},"in2DMode":false,"pivot":{"x":-0.8159213066101074,"y":100.54222869873047,"z":0.05850288271903992},"rotation":{"x":0.12944984436035157,"y":-0.6673101782798767,"z":0.11936163157224655,"w":0.7236868143081665},"size":2.449143171310425,"orthographic":false}