{"cameraMode":{"drawMode":0,"name":"Shaded","section":"Shading Mode"},"sceneLighting":false,"audioPlay":false,"sceneViewState":{"m_AlwaysRefresh":false,"showFog":true,"showSkybox":false,"showFlares":true,"showImageEffects":true,"showParticleSystems":true,"showVisualEffectGraphs":true,"m_FxEnabled":true},"in2DMode":false,"pivot":{"x":-0.5832951068878174,"y":0.0037348484620451929,"z":0.08023709058761597},"rotation":{"x":-0.05162664130330086,"y":-0.7175313234329224,"z":0.05347872152924538,"w":-0.6925890445709229},"size":0.08763352036476135,"orthographic":false}