{"cameraMode":{"drawMode":0,"name":"Shaded","section":"Shading Mode"},"sceneLighting":true,"audioPlay":false,"sceneViewState":{"m_AlwaysRefresh":false,"showFog":true,"showSkybox":true,"showFlares":true,"showImageEffects":true,"showParticleSystems":true,"showVisualEffectGraphs":true,"m_FxEnabled":true},"in2DMode":false,"pivot":{"x":4.29343843460083,"y":8.094200134277344,"z":-5.830726146697998},"rotation":{"x":0.6464486718177795,"y":0.004357411526143551,"z":-0.0036372842732816936,"w":0.7629934549331665},"size":19.947093963623048,"orthographic":false}