{"cameraMode":{"drawMode":0,"name":"Shaded","section":"Shading Mode"},"sceneLighting":true,"audioPlay":false,"sceneViewState":{"m_AlwaysRefresh":false,"showFog":true,"showSkybox":true,"showFlares":true,"showImageEffects":true,"showParticleSystems":true,"showVisualEffectGraphs":true,"m_FxEnabled":true},"in2DMode":false,"pivot":{"x":14.015487670898438,"y":0.5000007152557373,"z":14.692392349243164},"rotation":{"x":0.32011836767196658,"y":-0.05425772815942764,"z":0.018410755321383477,"w":0.9456916451454163},"size":10.37805461883545,"orthographic":false}