{"cameraMode":{"drawMode":0,"name":"Shaded","section":"Shading Mode"},"sceneLighting":true,"audioPlay":false,"sceneViewState":{"m_AlwaysRefresh":false,"showFog":true,"showSkybox":true,"showFlares":true,"showImageEffects":true,"showParticleSystems":true,"showVisualEffectGraphs":true,"m_FxEnabled":true},"in2DMode":false,"pivot":{"x":-11.068689346313477,"y":-16.550764083862306,"z":23.318613052368165},"rotation":{"x":0.4823682904243469,"y":0.010510725900530815,"z":-0.005789623595774174,"w":0.8758809566497803},"size":28.110525131225587,"orthographic":false}