{"cameraMode":{"drawMode":0,"name":"Shaded","section":"Shading Mode"},"sceneLighting":true,"audioPlay":false,"sceneViewState":{"m_AlwaysRefresh":false,"showFog":true,"showSkybox":true,"showFlares":true,"showImageEffects":true,"showParticleSystems":true,"showVisualEffectGraphs":true,"m_FxEnabled":true},"in2DMode":false,"pivot":{"x":23.54346466064453,"y":0.4785122871398926,"z":10.866717338562012},"rotation":{"x":0.21798184514045716,"y":-0.03688989579677582,"z":0.008341473527252674,"w":0.9752757549285889},"size":1.4401729106903077,"orthographic":false}