{"cameraMode":{"drawMode":0,"name":"Shaded","section":"Shading Mode"},"sceneLighting":true,"audioPlay":false,"sceneViewState":{"m_AlwaysRefresh":false,"showFog":true,"showSkybox":true,"showFlares":true,"showImageEffects":true,"showParticleSystems":true,"showVisualEffectGraphs":true,"m_FxEnabled":true},"in2DMode":false,"pivot":{"x":-3.602569580078125,"y":22.05453109741211,"z":-12.599958419799805},"rotation":{"x":0.32011836767196658,"y":-0.05425772815942764,"z":0.018410755321383477,"w":0.9456916451454163},"size":19.517154693603517,"orthographic":false}