{"cameraMode":{"drawMode":0,"name":"Shaded","section":"Shading Mode"},"sceneLighting":false,"audioPlay":false,"sceneViewState":{"m_AlwaysRefresh":false,"showFog":true,"showSkybox":false,"showFlares":true,"showImageEffects":true,"showParticleSystems":true,"showVisualEffectGraphs":true,"m_FxEnabled":true},"in2DMode":false,"pivot":{"x":0.3111238479614258,"y":0.30241167545318606,"z":-0.45129263401031496},"rotation":{"x":0.3369247615337372,"y":0.10531958192586899,"z":-0.03794173151254654,"w":0.9348942041397095},"size":0.05412282794713974,"orthographic":false}