{"cameraMode":{"drawMode":0,"name":"Shaded","section":"Shading Mode"},"sceneLighting":false,"audioPlay":false,"sceneViewState":{"m_AlwaysRefresh":false,"showFog":true,"showSkybox":false,"showFlares":true,"showImageEffects":true,"showParticleSystems":true,"showVisualEffectGraphs":true,"m_FxEnabled":true},"in2DMode":false,"pivot":{"x":-1.7856268882751465,"y":-0.1814870834350586,"z":-0.48584651947021487},"rotation":{"x":0.42641326785087588,"y":-0.5645725131034851,"z":0.42821288108825686,"w":0.5622061491012573},"size":6.190245628356934,"orthographic":false}